<?xml version="1.0" encoding="UTF-8"?>
<!DOCTYPE hibernate-mapping PUBLIC
        "-//Hibernate/Hibernate Mapping DTD 3.0//EN"
        "http://www.hibernate.org/dtd/hibernate-mapping-3.0.dtd">
        
<hibernate-mapping package="entity">    
    
    <class name="Orderinfo" table="orderinfo"> 
    <id name="id" type="java.lang.Integer" column="id"> 
        <generator class="native"/> 
    </id> 
    <property name="userid" column="userid" type="java.lang.Integer"/>
    <property name="ordertime" column="ordertime" type="calendar"/>
    <property name="total" column="total" type="java.lang.Double"/>
	<set name="itemlist" cascade="all" >
            <key column="orderid" /><!-- 确定关联的外键列 -->
            <one-to-many class="OrderinfoItem" />
    </set>
    </class>
    
</hibernate-mapping>

