<?xml version="1.0" encoding="UTF-8"?>
<!DOCTYPE hibernate-mapping PUBLIC
        "-//Hibernate/Hibernate Mapping DTD 3.0//EN"
        "http://www.hibernate.org/dtd/hibernate-mapping-3.0.dtd">
        
<hibernate-mapping package="entity">    
    
    <class name="Userinfo" table="userinfo"> 
    <id name="id" column="id"> 
        <generator class="native"/> 
    </id> 
    <property name="username"/> 
    <property name="password"/> 
    <property name="privilege"/>
    <property name="balance"/>
    </class>
    
</hibernate-mapping>

