<?xml version="1.0" encoding="UTF-8"?>
<beans
	xmlns="http://www.springframework.org/schema/beans"
	xmlns:xsi="http://www.w3.org/2001/XMLSchema-instance"
	xmlns:context="http://www.springframework.org/schema/context"
	xmlns:tx="http://www.springframework.org/schema/tx"
	xmlns:aop="http://www.springframework.org/schema/aop"
	xmlns:p="http://www.springframework.org/schema/p"
	xsi:schemaLocation="
	http://www.springframework.org/schema/beans
	http://www.springframework.org/schema/beans/spring-beans-3.0.xsd
	http://www.springframework.org/schema/tx
	http://www.springframework.org/schema/tx/spring-tx-3.0.xsd
	http://www.springframework.org/schema/aop
	http://www.springframework.org/schema/aop/spring-aop-3.0.xsd
	http://www.springframework.org/schema/context 
	http://www.springframework.org/schema/context/spring-context-4.0.xsd">
	
	<!--各个Dao.java的注入  -->
	<bean id="userinfoDao" class="dao.UserinfoDao"></bean>
	<bean id="bookinfoDao" class="dao.BookinfoDao"></bean>
	
	<!--AllDao.java的注入-->
	<bean id="allDao" class="dao.AllDao">
		<property name="userinfoDao">
			<ref bean="userinfoDao" />
		</property>
		<property name="bookinfoDao">
			<ref bean="bookinfoDao" />
		</property>
	</bean>
	
	<!--各个Service.java的注入-->
	<bean id="userinfoService" class="service.UserinfoService">
		<property name="allDao">
			<ref bean="allDao"/>
		</property>
	</bean>
	<bean id="bookinfoService" class="service.BookinfoService">
		<property name="allDao">
			<ref bean="allDao"/>
		</property>
	</bean>
	
	<!--AllService.java的注入-->
	<bean id="allService" class="service.AllService">
		<property name="userinfoService">
			<ref bean="userinfoService"/>
		</property>
		<property name="bookinfoService">
			<ref bean="bookinfoService"/>
		</property>
	</bean>
	
	<!--各个action 的注入  -->
	<bean id="BaseAction" class="controller.BaseAction" scope="prototype">
		<property name="allService">
			<ref bean="allService"/>
		</property>
	</bean>
	<bean id="TestAction" class="controller.TestAction" parent="BaseAction" scope="prototype">
	</bean>
	<bean id="Login" class="controller.Login" parent="BaseAction" scope="prototype">
	</bean>
	<bean id="Register" class="controller.Register" parent="BaseAction" scope="prototype">
	</bean>
	<bean id="BookList" class="controller.BookList" parent="BaseAction" scope="prototype">
	</bean>
</beans>